Song,Genre,Main Creature,Summary,Prompt
I Remain,Epic Cinematic Folk-Bass Fusion,dragon and rider,"A monumental reflection on time and past mistakes, concluding with a soaring statement of survival","Create a song called ""nothing will change coz nothing has changed"", in a trending fusion genre. Include lines like ""10 years back i didnt know i had bigger problems"", ""7 years back, I was inspired"", ""5 years back, I thought I did something right"", ""2 years back I learnt some lessons"", but my problems are the same, from 8 years back, from 6 years back, from 3 years back. Nothing will make them different coz they've done the damage and turned me into a disaster which i may not recover from"
Hold On,Soulful Narrative Folk-Rock,A weathered gardener elf ,"A soulful story about resilience, comparing human struggles to the patience required for a garden to bloom",create a song about April showers bringing May flowers for an elf farmer
Over Third Man,Indie-Folk (Narrative),A defiant wizard batsman with elf cheering,"A lyrical tribute to a cricket match at Centurion, focusing on a batsman's unconventional and defiant shot","Create a song about a wizard hitting a ball over third man, which his elf friend first loved at Centurion and has seen it often these days but she loves the wizard because he was one of the first to play that shot"
Total Saturation,Folktronica,"An observer elf watching the world turn into ""Glacier Freeze""",A surreal exploration of a synthetic electrolyte spill that dissolves the boundaries between nature and chemistry.,create a song about painting on glass the pic of a leaf which leaks gatorade
Am I Thirteen Or Thirty?,Medieval Folk-Rock,The Wonder Kid and his Dragon,"A defiant anthem of a ""wonder kid"" who has fought many wars despite his youthful appearance.","Create a song where a male handsome elf with a dragon looks in a mirror and asks himself ""am I 13 or 30? Am I mistaken or are my fellow riders thinking of me as a wonder kid who can't guess their old tactics?"""
Rapid-er,Gypsy Jazz EDM Fusion,"A frustrated flyer seeking a ""rapid-er blade""","A frantic, high-energy obsession with upgrading a ""sick, rotten"" broom for a faster, sharper flight.","Create a fusion EDM song called ""is it a wonderful life? I know not for it is not mine, my broomstick is not the fastest and my life is not wonderful until I switch to a rapid broom"" - sung by a witch with a broomstick."
You Will Never Get It,Himalayan Folk-Trap,"A team of eleven men ""rising from the south""",A passionate statement about building a home and standing tall against the world from the Himalayan peaks.,"create a song called ""you (all) will never get it"" and make it a PluggnB fusion song - make it about the plea for a new cricket stadium in Nepal. Follow-up prompt : give me some more genre options-->Himalayan Folk-Trap.


"
The Prize is Ours,Dark Orchestral Metal / Folk Horror,The Keeper and a Primal Hunter,"A dark tale of hunting for a ""frozen heart"" guarded by an ancient keeper with a sword of iron.",Create a song with male chorus vocals about werewolves waiting for a full moon to transform and find a treasure
Watering Plastic Flowers,Americana / Texas Troubadour Folk,"A weary laborer with a ""heavy pail""","A stoic narrative about the futility of working hard at a ""game that is a cheat.""","Genre: Alternative Folk/Americana. The Vibe: Acoustic guitar driven, building into a cathartic, foot-stomping chorus with layered group vocals.
​Prompt/Concept: ""Watering Plastic Flowers."" Write a song about a person who faithfully tends to a garden every single day, waiting for it to bloom, only to realize the plants were fake from the start. It’s a metaphor for poured love or effort into a dead-end situation.
​Lyric Starter: ""I gave a lot of strength away carrying the heavy pail / Wondering why the green wouldn't take to the veil."""
This Song Does Not Matter,Dreamy Trip-Hop,A mermaid with a lead tail and drying scales,A melancholic reflection on things that are temporary and destined to sink under the surface.,"Give me a song with female vocal chorus - about ""This song does not matter, like most other things"" - it should picture a mermaid on the water surface"
Bull's Eye,Kindie-Rock (Children's Folk-Pop),A group of Elven archers with pointy ears,"A joyful ""lawn championship"" song about the precision and fun of archery at a summer resort.","Create a song which elf friends sing while playing a game of archery in a resort, singing hitting the bull's eye has never been more fun"
this play has ended,Dark Cabaret Punk,"An eccentric, dramatic stage performer witch",A frantic theatrical monologue signaling the final curtain call of a performance,"Unorthodox song structures, atmospheric synths, and a vocal delivery that blends singing with spoken-word or theatrical flair.

Vibe: Quirky, intellectual, and deeply expressive"
It counts for me,Math Rock / Indie Rock Fusion,"The Middleman at the gate and a quiet, weeping soul","A stream-of-consciousness exploration of finding meaning in ""nowhere at all"" through personal grief.","Create a song which a phoenix sings ""i didnt go to A"", "" i didnt go to B"" and ""neither did I go to C"" but I went nowhere which counts for nothing ...it didnt matter to anyone..but it mattered to me..coz I learned to cry better and shed more tears to heal the world..those phoenix tears are there in plenty..just say the word to a middleman and you might get them when you need them..coz you are still young.."
Future Follower,Sci-Fi Melodic Death / Industrial Metal,"A biomechanical cyborg (""Biological Unit One"")","A clinical depiction of a technological ritual where a biological entity is merged with metal to eliminate a ""virus"" and become a cold, systematic follower of a new order.","Create a song called ""future follower"" which is about a witch in a spaceship following what looks like a new planet which is red"
She Is Sick,Synth-pop / Electronic,A virtual entity / AI,"The digital entity travels through the web and appears ""sick"" or glitched to humans. The song explores the allure of her virtual world and the fact that her mind is dispersed across the entire network.","A dark wave and synthpunk electronic track, 120 BPM. Gritty, driving basslines, cold 80s-inspired retro synths, and detached, spoken-word style electronic vocals. Melancholic yet energetic electro-clash vibe, capturing digital burnout and cynical isolation."
Wash It All Away,Acoustic Folk-Pop,An anonymous traveler / Escapist,"A narrator flees the debts and ""agents"" of her old life, traveling to a remote island with no luggage to let the tide wash away her past and start fresh as a ""divine stranger.""","Create a song called ""So long ghosts and their agents"" in a trending fusion genre. Make it about a traveller landing in a magical island to escape from ghosts and sub-ghost agents"
Easy To Read,Pop-rock / Indie Pop,A human narrator navigating a geometric world," Set in a plaza of red robes and rigid black prints, the narrator feels like the ""wrong shape"" in a world of circles and squares, longing for a simple identity that is ""easy to read.""","Create a song called ""a type that is easy to read"" about a crowd of people who wear different colored robes but they all have the same text ""Type Best"" - standing next to different shaped buildings"
Full Of Positivity,Alternative / Pop Rock,A liberated elf narrator,"A celebration of pure, sensory freedom. The narrator experiences a day of fresh bread and open skies, feeling completely ""unattached"" and reduced to the simple joy of being ""just teeth and skin.""","Create a song called ""full of positivity"" which an elf sings after she has eaten in the hills with a group of friends. They have tunics with the text ""no strings attached"""
A Stitch In Time,Indie-folk / Fantasy,A sylvan tailor for elves,"A specialized tailor sews seafoam-colored protective suits for little elves. He prays his craftsmanship is strong enough to protect them from the ""heavy water"" as they venture into the deep ocean","Create a song about ""A Stitch In Time"" in which an old tailor elf makes a swimsuit for kid elves who swim in an ocean"
Survival of the Quickest ,Alternative / Indie Rock,"Two human companions escaping an ""arena""","A high-stakes, frantic getaway where the narrator helps a friend dodge bouncers and guards to escape a stifling, competitive social scene in favor of freedom","Create a song called ""Survival of the Quickest"" and show a cover art of a movie set where one end of the arena has a board called ""Leave this arena"" and on the other end there is a board called ""The Ones Who Live In Victory"""
Fine By Ourselves,Folk-Punk / Dark Cabaret,"A group of goblins and a ""Tall Girl"" (Princess)","A group of goblins rescue a demanding dosa-crazy elf girl from a carriage wreck. They trade their own teeth for the fancy street food she demands, only for her to complain that her chutney isn't acidic enough.","Create a song called ""Fine By Myself"" about a group of goblins trying to raise an elf and feeding her some goblin food instead of dosa which she loves"
affinity for brands - all kinds,Sophisticated Synth-Pop,"The Modern Elf—a sophisticated, supernatural being who prioritizes luxury aesthetics and ""social alchemy.""","The song explores the ""affinity for brands"" held by magical people, viewing luxury labels not just as status symbols, but as modern rituals and ""hexes"" used to navigate high society.","create a song with the lyrics including ""never blind to the affinity for brands - all kinds of them"" about the awareness of the attraction of magical people to big brands"
Who Has Done It?,Dark Cabaret / Witch House,"The Displaced Squib (A ""wannabe witch"" caught between worlds)","A haunting, theatrical exploration of identity and magical glitching. The track follows a slightly middle aged, vulnerable woman who finds herself surrounded by eerie duplicates and ""wrong houses,"" questioning whether she was truly born without magic or if she was simply made to feel like an outsider by a rigid wizarding society.","Dark cabaret meets witch house, 70 BPM, minor key. Haunting female vocals with a theatrical, half-whispered delivery. Detuned music box and harpsichord over a slow trip-hop beat, with ghostly reversed reverb tails and faint choral pads. Vintage tape warble, candlelit atmosphere, gothic and intimate. Builds from sparse and eerie in the verses to a swelling, hypnotic refrain on ""Who has done it?"" — layered vocal echoes like overlapping duplicates. Crackling vinyl texture, distant church organ swells, melancholic and mysterious.         "
A Plastic Arc,Indie Pop ,narrator and a companion,"The story follows a Narrator and Companion who ditch a life of rigid rituals and ""marble halls"" for freedom in the wild. They're at odds with an Authority Figure who looks down on their simplicity, and they mention Spirits they were once expected to summon and bind. In short, it’s a liberation anthem about choosing to be ""hungry and free"" with a simple plastic disc rather than powerful and trapped in a world of complex rituals",Make a song about a pair of homeless wizards sitting on the street because they got kicked out of their magic school for making magic Frisbees
Low Resolution,Glitch Hop,elephant (design in the room),"The track explores the clinical and surreal experience of a distorted design—specifically a blurry elephant print on a ceramic cup. The production is intentionally fragmented, using digital skips and rhythmic cuts to create a sense of low-resolution instability. The lyrics highlight the awkwardness of an unaddressed issue (the ""elephant in the room"") through a lens of digital errors and ink bleeds.",Create a song about a design which is blurry and is an elephant in the room. Suggest some genres which are trending
How Tall is Al?,Psychedelic Trap,"Al, a local urban legend who is impossibly tall","The song follows an obsessed narrator trying to solve the mystery of Al’s exact height, from marking kitchen doorframes to using milk crates just to whisper to him. However, the search ends in a philosophical shift: after seeing Al’s kindness to a stranger, the narrator realizes Al’s ""stature"" is about his spirit, not his inches. The mystery remains unsolved because, ultimately, the numbers don't matter","create a song called ""how tall is Al?"" in a genre that is rap-like but add some funny lyrics about ""it does not matter"" in the end. Give me trending genre options"
Shopping with gusto,UK Garage,"A smooth, high-fashion aficionado.","It’s a sleek, aspirational anthem centered on a high-end shopping spree. The energy is bouncy but refined, trading the glitchy chaos for a polished, expensive-sounding groove. It captures the thrill of the ""find"" and the aesthetic power of a fresh look, blending the urban garage sound with a luxury-focused narrative","cool, can you create a song from this video? Topic is shopping - choose a suitable trending genre

"
Fixed,cross between alternative rock and folk-pop,"a lady stuck in a state of intense vulnerability and waiting. Emotionally, they’re desperate for validation. They aren't just waiting for a diagnosis—they're waiting for an ""expert"" to give them permission to exist and tell them they aren't ""a total wreck.","an anxious, introspective journey—starting with those quiet, acoustic verses that feel very personal and mundane, before exploding into a heavy, high-energy chorus. It captures that feeling of waiting for an expert or someone ""famous"" to finally validate you and tell you that you're okay",create a song about curing sick people with anticipation of the call from the famous and the knowledgable
She watches the surface,Fast-paced indie pop and synth-pop,mermaid,"The heart of the song lies in its sudden comedic pivot. After two minutes of building a grand, elemental crescendo, the music drops out entirely for a deadpan spoken-word anti-climax. The mermaid’s awe instantly vanishes as she realizes the rain has turned her precious surface-world treasures—her magazines and postcards—into wet mush. It's a sharp, self-aware subversion of the ""mystical mermaid"" trope, trading epic wonder for a relatable, ""this is a disaster"" moment of frustration","Create a song about the feeling of getting excited about rain every time there is rain. A fast-paced indie pop and synth-pop song with a quirky, energetic vibe. Features bright synthesizers, a bouncy bassline, and a rapid, almost breathless male/female vocal delivery. The tone is playful, theatrical, and self-aware, building up in excitement before dropping into a sudden, comedic, deadpan spoken-word anti-climax at the end."
Iron Witch,Symphonic Power Metal,witch,"It tells the story of the ""Iron Witch,"" a mystical guardian clad in heavy plate armor, standing her ground on a sacred mountain. The lyrics capture the tension and fury as she prepares to repel foreign invaders from across the seas, using a mix of ancient magic and martial steel to defend her homeland","Create a song called ""Generally in Battle"" about a witch who wears a warrior apparel and is preparing to fight foreign enemies from different parts of the world"
I am not upset but some seeds were,smooth bossa nova,pickleball players,"a quirky, observational track that juxtaposes the low-stakes intensity of a pickleball match with the ""tragedy"" of a spilled jar of chia seed pudding. The song follows four players in ""coordinated polyester"" whose game continues uninterrupted even as a glass container shatters on the hot asphalt.It’s a humorous, slightly existential look at a ""mechanical inconvenience"" where the only ones truly suffering are the superfoods that never made it to a digestive tract.","create a song called ""I am not upset but some seeds were"", make it about four players playing pickleball, and nearby some chia seed pudding falls. that line ""I am not upset but some seeds were"" should be there in the song"
She Was Just Tenacious and Not The Most,"chamber folk, blended with a bit of cynical indie folk",elf who loses to a better player and a champion,"It’s a weary, intellectual reflection on the gap between natural-born talent and sheer persistence. Set in a whimsical tavern, the song uses sharp, satirical lyrics to describe a card-playing elf who realizes her hard work is no match for her opponent’s ""divine inheritance."" The sound is intimate and analytical, led by fingerpicked acoustic guitar and a lonely glockenspiel","create a song called ""She was just tenacious and not the most"" about an elf who lost a game against a better player"
Drink The Salt Away,Cozy Indie Pop,a young witch in a barista,"the story of a young witch who uses her craft not for grand spells, but for the quiet mending of her community. Each latte is a calculated infusion—dried fennel to lift heavy spirits, or a single bluebell petal to soothe a weary baker’s physical and mental strain. The song highlights the contrast between the ""heavy granite"" and ""tectonic plates"" of the villagers' stress and the delicate, warm ""anchor"" of the ceramic cups she serves. It's a narrative about finding a soft tether back from the precipice, where the steam rising from a cup acts as a quiet ghost that carries away the ""architecture of grief.""","Song Topic : The Barista Witch
Story Idea: A young witch opens a cozy café where she uses harmless potion-brewing skills to make the perfect, mood-boosting lattes for stressed-out villagers.
Music Genre Prompt: Cozy Indie Pop mixed with Lo-Fi Beats, featuring acoustic guitar and subtle, sparkling chimes.
Cover Art Prompt: Vibrant cartoon style. A cheerful teenage witch with a pointy hat pouring a glowing, sparkly pink latte behind a wooden coffee shop counter. Warm lighting, pastel colors."
Across the valley floor,Upbeat Electro-Swing ,a pair of centaurs,"Set against the backdrop of a sunlit meadow, the narrative follows a group of centaurs who choose to suspend their customary archery practice in favor of a spirited dance competition.The lyrics detail the transition from the discipline of the hunt to the rhythmic freedom of the dance floor, emphasizing a graceful, four-hooved movement that transforms a traditional training ground into a vibrant ballroom","Song Topic: Ballroom of the Centaurs
Story Idea: A group of centaurs decides to ditch their traditional archery practice for a day to host a massive, high-energy dance competition in a sunlit meadow.
Music Genre Prompt: Upbeat Electro-Swing with a driving brass section and a bouncy synth bass.
Cover Art Prompt: Colorful 90s cartoon style. Two joyful centaurs doing a swing dance routine in a bright green field filled with daisies. Energetic motion lines."
The Dragon's Bakery,Tropical Ska-Punk,a dragon in a bakery,"An energetic, manic-but-joyful anthem about a friendly red dragon who uses his fire-breathing gift to run the kingdom's most popular bakery. The sound is driven by bright trumpet lines and staccato guitar upstrokes that capture the heat of the oven and the rush of the morning queue","Song Topic : The Dragon's Bakery
Story Idea: A friendly, oversized red dragon realizes his fire-breathing talent is perfect for baking giant batches of pastries, opening the most popular bakery in the kingdom.
Music Genre Prompt: Happy, tropical Ska-Punk with energetic horns and a fast, skanking rhythm.
Cover Art Prompt: Modern 2D animation style. A large, smiling red dragon wearing a white chef's hat, holding a tray of perfectly golden, steaming croissants."
Dancing in the tide,Future Bass and Bubblegum Pop Fusion,mermaid DJ,"This track is a high-energy underwater anthem that captures the magic of a bioluminescent secret society. It centers on the annual ""Coral Rave"" deep in the ocean, where the crushing pressure of the deep sea is transformed into a rhythmic, liquid pulse. The story follows the party-goers—mermaids, sea turtles, and glowing jellyfish—as they lose themselves in the ""wash"" of the current","Song Topic : Mermaid Coral Rave
Story Idea: Deep in the ocean, a group of mermaids throws an annual bioluminescent dance party under the sea, inviting all the fish and sea turtles.
Music Genre Prompt: Uplifting Future Bass and Bubblegum Pop fusion, featuring bright synth plucks and a water-splash sound effect drop.
Cover Art Prompt: Whimsical cartoon style. A mermaid with neon pink hair DJing at a turntable made of giant seashells, surrounded by glowing jellyfish and dancing sea turtles. Deep blue and neon accents."
Kings Of The Vertical Drop,Theatrical Pop-Punk,Elves on skateboards,"This track is a high-octane rebellion against immortality. It tells the story of woodland elves trading their harps and silk robes for enchanted oak skateboards, staging a chaotic tournament through the forest canopy just to feel something more than ""divine boredom.""","Song Topic : Elven Skateboard Derby
Story Idea: Bored of their elegant, slow-paced lives, a group of woodland elves builds skateboards out of enchanted oak trees and holds a tournament through the forest canopy.
Music Genre Prompt: Sunny Pop-Punk with fast-paced drums and a catchy, energetic electric guitar riff.
Cover Art Prompt: Street-art cartoon style. An elf with pointy ears wearing a backward cap, doing a kickflip on a wooden skateboard across a giant tree branch. Bright, high-contrast colors."
Four By Four,Funk-infused Nu-Disco,Centaur in a Disco,it’s a celebration of finding your rhythm—literally fitting four quad skates to four hooves—and sparking a movement that brings the whole mythical world together on the dance floor.,"Song Topic : Centaur Roller Disco
Story Idea: A centaur discovers retro roller skates and fits them onto all four hooves, starting a massive roller-disco trend across the mythical plains.
Music Genre Prompt: 70s Nu-Disco infused with French House, featuring a funky slap-bass line and glittering synth pads.
Cover Art Prompt: Retro 80s cartoon style. A cool centaur wearing quad roller skates and a sparkling glitter jacket, grooving under a giant disco ball in a neon-lit rink."
Total Rest,Dream-Pop and Synthwave,witch resting on a cozy cloud mattress,This track tells the story of a clever witch who harvests low-hanging summer clouds to weave them into the softest mattresses ever made,"Song Topic : The Witch’s Cloud Mattress
Story Idea: A clever witch captures fluffy, low-hanging summer clouds and weaves them into the comfiest mattresses ever made, bringing sweet dreams to the whole town.
Music Genre Prompt: Dream-Pop mixed with Synthwave, featuring lush, airy vocals and a soft, rhythmic retro beat.
Cover Art Prompt: Soft, watercolor cartoon style. A witch sleeping peacefully on a literal, smiley-faced white cloud floating in a purple starry night sky."
Lungs Full Of Rhythm,blend of Folktronica and Acoustic Trap,dragon and an elf,"the story of an unlikely fantasy duo: a tiny green dragon who lacks the ability to breathe fire but possesses a ""heart of 808s,"" and a custom steel-string-playing elf. Together, they've traded the mud of the caverns for the luxury of the city, proving that rhythm can be just as powerful as fire","Song Topic : Dragon and Elf Jam Session
Story Idea: A tiny dragon who can't breathe fire but can beatbox perfectly teams up with an elf acoustic guitarist to form the ultimate street-performing duo.
Music Genre Prompt: Acoustic Folk-Hop (Folk guitar paired with Hip-Hop/Beatbox rhythms).
Cover Art Prompt: Cute chibi cartoon style. A tiny, green baby dragon sitting on a stone stool beatboxing into a microphone next to an elf playing a wooden acoustic guitar."
Frozen Magic,Kawaii Future Core,An entrepreneurial mermaid,"a high-energy Kawaii Future Core track that tells the story of an underwater entrepreneur bringing a taste of winter to the deep sea. The lyrics follow a mermaid using ""magic ice"" carved from deep-sea pressure to serve the reef creatures. It captures that sweet, nostalgic feeling of an ice cream truck arrival, but reimagined in a surreal, glowing ocean trenc","Song Topic : Mermaid Ice Cream Truck
Story Idea: An entrepreneurial mermaid uses magic ice that doesn't melt underwater to start a mobile ice cream business for reef creatures.
Music Genre Prompt: Kawaii Future Core, featuring fast, chirpy chiptune sounds and a bright, bouncy melody.
Cover Art Prompt: Bright anime-cartoon style. A smiling mermaid handing a swirling, multi-colored ice cream cone out of the window of a submarine shaped like an ice cream truck. It should clearly show that the truck has some text like ""UNDERWATER ICE CREAM"""
Can You Feel The Heat?,Funky House / Nu-Disco,ogre,"It captures the tension of fairies and elves sneaking through the mossy dark before exploding into a vibrant, neon celebration. The lyrics follow the ogre’s emotional shift—starting solitary and ""heavy as stone,"" then being swept up in the colors and heat of the party until he finally cracks a smile","Song Topic : The Grumpy Ogre's Birthday Surprise
Story Idea: A group of cheerful fairies and elves sneak into a grumpy ogre's swamp house to throw him a massive surprise party, instantly melting his heart.
Music Genre Prompt: High-energy Eurodance with a driving 4-on-the-floor beat and a happy, anthemic synth melody.
Cover Art Prompt: Playful, expressive cartoon style. A huge green ogre looking shocked and wearing a tiny, colorful party hat as confetti explodes around him, thrown by tiny flying fairies."
Everyone is standing up,Symphonic Power Pop,phoenix,"an uplifting symphonic power pop anthem that tells the story of a young phoenix finding their voice at a magical talent show. Moving away from the traditional fire and ash associated with their kind, the protagonist discovers a ""right note"" so pure and joyful that it causes a lush garden of lilacs and green leaves to bloom instantly across the arena. It’s a beautiful metaphor for growth and connection, shifting from a history of burning things down to a future of creation and collective wonder","Song Topic : Phoenix Talent Show
Story Idea: A young phoenix entering a magical talent show decides to sing a song so joyful that it makes all the flowers in the arena bloom instantly.
Music Genre Prompt: Uplifting Symphonic Power Pop, featuring a grand orchestral string section backing a bright, powerful female vocal pop melody.
Cover Art Prompt: Saturday-morning cartoon style. A bright golden-orange phoenix holding a microphone on a stage, singing with visible musical notes turning into flowers around it."
Silver Dust Rising,8-Bit Chiptune mixed with Electro-Pop,pixie,A swarm of mischievous pixies sneaks into a human video game arcade after hours and accidentally powers up all the machines with their magic pixie dust.,"Song Topic : Pixie Arcade Party
Story Idea: A swarm of mischievous pixies sneaks into a human video game arcade after hours and accidentally powers up all the machines with their magic pixie dust.
Music Genre Prompt: 8-Bit Chiptune mixed with Electro-Pop, featuring retro gaming sound effects and a driving dance beat.
Cover Art Prompt: Vibrant pixel-art cartoon style. Glowing, winged pixies flying around neon-lit arcade cabinets, playing games and laughing."
Ten Minutes or Mine,Surf Rock,centaur pizza guy,"""Ten Minutes or Mine"" tells the story of the valley's legendary centaur delivery man. Fueled by high-speed gallops and a four-hoof engine, he tears through canyons and dirt paths to ensure every pizza arrives burning hot. It’s a high-octane tribute to his mythical speed—if he doesn't hit that ten-minute mark, the pizza's his","Song Topic : Centaur Pizza Delivery
Story Idea: The fastest centaur in the valley starts a delivery service, guaranteeing hot, fresh pizza to any creature within a fifty-mile radius in under ten minutes.
Music Genre Prompt: Fast-paced, sunny Surf Rock with twangy electric guitars and a driving, energetic drum beat.
Cover Art Prompt: Comic-book cartoon style. A dynamic action shot of a centaur dashing down a dirt path, balancing five giant pizza boxes on his hand, leaving a cloud of dust behind him."
Across The Prism,Progressive House,pegasus,A young pegasus who is afraid of heights overcomes their fear during a friendly race through a beautiful obstacle course made of rainbows.,"Song Topic : Pegasus Sky Race
Story Idea: A young pegasus who is afraid of heights overcomes their fear during a friendly race through a beautiful obstacle course made of rainbows.
Music Genre Prompt: Progressive House with soaring, euphoric synth leads and an energetic, uplifting buildup and drop.
Cover Art Prompt: Clean, modern vector cartoon style. A majestic white pegasus with spread wings flying side-by-side with a rainbow trail across a bright blue sky filled with fluffy clouds."
Sixteen Squares,Celtic Glitch Hop,Elf DJ in a forest festival,"the Elf DJ Festival to life with ""Sixteen Squares,"" a fusion of Celtic folk and heavy glitch hop. The track blends bit-crushed flutes with deep electronic drops to tell the story of a forest elf trading their harp for a 4x4 launchpad. A launchpad is a digital MIDI controller featuring a grid of buttons (usually an 8x8 or 4x4 square) used to trigger loops, samples, and effects in real-time. In our story, it’s the ""instrument"" the elf uses to replace their harp—instead of plucking strings, they press those glowing squares to drop heavy glitch beats and Celtic samples. It's essentially the centerpiece of a modern electronic performance.","Song Topic : The Elf DJ Festival
Story Idea: An elf trades their traditional harp for a digital launchpad, hosting the biggest electronic music festival the ancient forest has ever seen.
Music Genre Prompt: Glitch Hop mixed with Celtic Folk (combining bagpipes/fiddles with heavy, glitchy electronic bass drops).
Cover Art Prompt: Fantasy festival cartoon style. An elf with glowing neon patterns on their clothes standing behind a high-tech DJ booth made of glowing tree roots, facing a massive crowd of cheering forest creatures."
We Move As One , Tropical House,mermaids synchronized in swimming,"a sun-drenched Tropical House anthem that tells the story of a mermaid pod welcoming a cruise ship with a flawlessly synchronized underwater routine. Musically, it’s built on a foundation of bright steel drums and rhythmic marimba loops, driven by a punchy house bassline that keeps the energy high but laid-back","Song Topic : Mermaid Synchronized Swimming
Story Idea: A school of mermaids choreographs a complex, synchronized routine to welcome a traveling cruise ship of friendly land-dwellers.
Music Genre Prompt: Sparkling Tropical House with steel drums, a warm bassline, and a laid-back, joyful rhythm.
Cover Art Prompt: Vintage travel poster cartoon style. A birds-eye view of several mermaids swimming in a perfect, star-shaped formation in crystal-clear turquoise water."
A Roof Of Quilts,Pastoral Indie Folk,a dragon who is feeling cold,"a heartwarming winter tale of a massive mountain dragon who finds himself shivering as the frost sets in. Instead of fear, the local villagers respond with kindness, bringing every quilt and pillow they own to his cave. Together, they build a legendary blanket fort, where the dragon rests his head on downy pillows and the people find warmth tucked beneath his leather wings—a beautiful story of mutual protection and shared comfort against the cold.","Song Topic : The Dragon’s Blanket Fort
Story Idea: A giant dragon gets cold in the winter and invites the entire village to help him build the largest blanket and pillow fort in history inside his cave.
Music Genre Prompt: Warm, cozy Indie Folk with fingerpicked acoustic guitar, soft whistling, and a gentle tambourine.
Cover Art Prompt: Adorable, soft-shaded cartoon style. A massive, smiling blue dragon curled up inside a giant fort made of colorful patchwork quilts and pillows, surrounded by happy villagers."
"Finally, I Will Say It",Bright Ska-Punk / Tropical Surf Rock Fusion,A mermaid with ideas and wit,"This high-energy track centers on a pink-dreadlocked mermaid’s quirky journey toward self-gratitude. Musically, it’s a chaotic and sunny blend of rapid-fire conversational verses, a walking bassline, and punchy brass sections. The story follows her distractions—missing the bus because she was ""too busy thinking""—leading to a dramatic realization in front of a mirror (her silver frying pan). It captures the relentless, danceable spirit of ska with a heartfelt, introspective core","The Concept: A meticulous but slow-working forest elf who spends days designing the perfect treehouse, completely missing the grand seasonal festival, only to realize self-validation is the best prize.
​Song Fusion Prompt: > ""A folk-pop track driven by upbeat banjo, clapping rhythms, and woodland flute melodies. The song captures the frantic energy of an elf trying to plan too many things at once, missing the final woodland caravan. It shifts into a warm, grounded, and cozy acoustic finale about finding peace in isolation and being your own biggest fan.""
​Cover Art Prompt: > ""Modern whimsical cartoon illustration, cell-shaded with warm tones. A cute elf with large pointed ears and a pencil tucked behind them stands in a cozy treehouse workshop filled with rolled-up blueprints. They are looking into a dusty, cracked mirror on the wall, giving themselves a proud thumbs-up. Outside the window, the taillights of a wooden fantasy carriage are fading into the autumn woods."""
Feel The Thunder,Kawaii Metal/J-Pop,witches flying,"""Witch Rush"" tells the story of the Witch’s Flying Broom Regatta, but this isn't a race to the finish line—it's a high-stakes aerial dance. The lyrics follow a group of teenage witches as they ""snap the straw"" and ""break the law"" of gravity, performing death-defying loop-de-loops and snap turns. The song captures the physical sensation of flight—the wind in their teeth and the static in their hair—while shifting into a ""weightless"" bridge that mimics the moment of suspension at the top of a stunt. It’s an anthem about creative rebellion and the sheer adrenaline of proving that magic is best served upside down.","Song Topic : Witch’s Flying Broom Regatta
Story Idea: Instead of racing for speed, a group of teenage witches holds a competition to see who can do the most creative, loop-de-loop aerial acrobatics on their brooms.
Music Genre Prompt: High-energy J-Pop/Rock with fast, intricate basslines, bright piano melodies, and enthusiastic backing vocals.
Cover Art Prompt: Dynamic anime cartoon style. A witch hanging upside down from her flying broomstick with a giant grin, high up in the sky, leaving a trail of sparkling yellow stardust behind her."
"We Loud, We Proud",Hip-Hop mixed with Funk,gnome party,story of a garden gnome community discovering a vintage human microphone buried beneath a massive oak tre,"Song Topic : The Gnome Karaoke Night
Story Idea: A community of garden gnomes unearths an old human microphone and hosts a loud, incredibly joyful karaoke night under the roots of a giant oak tree.
Music Genre Prompt: Funky, rhythmic Hip-Hop mixed with Funk, featuring a groovy bassline and funny, rhythmic rhyming vocals.
Cover Art Prompt: Whimsical, detailed cartoon style. A tiny gnome with a long white beard and a red pointy hat singing passionately into a giant microphone, surrounded by cheering, clapping toadstools and gnomes."
"Never Breaking, Always Rising",orchestral pop,"Griffin playing, wizard watching","The song tracks the griffin's transition from a powerful ""beak of iron"" to a curious creature batting at translucent spheres and leaping over ""walls of light."" It concludes with a serene image of the great predator drifting into a peaceful sleep amongst the ""floating islands"" of soap as the sun set","Song Topic : The Griffin’s Great Bubble Chase
Story Idea: A majestic griffin acts exactly like a playful kitten when an elf wizard accidentally casts a spell that fills the entire valley with giant, unbreakable soap bubbles.
Music Genre Prompt: Bouncy, cinematic Orchestral Pop with whimsical woodwinds, pizzicato strings, and a joyful, marching snare drum.
Cover Art Prompt: Lighthearted cartoon style. A half-lion, half-eagle griffin playfully pouncing through the air trying to pop a massive, iridescent floating bubble with its front paw"
Sunday Market,Cottagecore Folk-Pop,shopkeeper witch - magic lady,"t’s a bright, storybook tune about a cheerful village witch who spends her Sundays in the cobblestone square. Rather than casting dark spells, she uses her magic to bottle light into jars of glowing jam and tends to herbs that actually sing. It’s a bustling, sunny anthem about bringing a little literal sunshine to the community and sweeping away the gray clouds for a perfect market day","Song Topic : The Witch Who Ran the Sunday Market
Story: A cheerful village witch sells glowing jams and singing herbs at the weekend market, hexing only the bad weather away.
Music prompt: Upbeat cottagecore folk-pop, 112 BPM, fingerpicked acoustic guitar, hand claps, accordion flourishes, warm female vocal, whistling hook, sunny and bustling.
Cover prompt: Cartoon witch in a polka-dot apron at a wooden market stall stacked with glowing jam jars, hand-drawn storybook style, soft pastel palette, thick outlines, sunny morning light."
How The Spirit Flies,Cinematic Pop-Rock,centaur running a marathon,"a triumphant anthem about a mythical journey reaching its peak. It follows the story of a runner (our centaur) transcending the physical race to find unity with a massive, cheering crowd. Musically, it builds from an atmospheric, grounded intro into an explosive, stadium-sized chorus filled with soaring strings and driving percussion, finally fading into a reflective piano outro that captures the quiet peace of the finish line","Song Topic : Centaur Marathon
Story: A centaur enters the city marathon and gallops to the finish, high-fiving the whole crowd.
Music prompt: Future bass meets orchestral pop, 150 BPM, soaring strings into a big synth drop, four-on-the-floor energy, triumphant vocal hook, adrenaline-fueled.
Cover prompt: Athletic cartoon centaur with a race bib crossing a confetti finish line, dynamic motion lines, bold flat colors, sporty comic style, blue sky."
Potions and the Margherita,lo-fi hop hop,witch in a delivery business,"a chill, lo-fi hip hop anthem that follows a young, independent witch running her own high-altitude delivery hustle. The story tracks her flying through the night, juggling orders of ""liquid truth"" for shady warlocks and extra-spicy pepperoni pizzas for trolls, all while maintaining a cool, detached CEO energy above the clouds","Song Topic : Potion Delivery, 3 Stars
Story: A young witch runs a flying broom delivery service, dropping off love potions and pizza alike across town.
Music prompt: Lo-fi hip hop, 85 BPM, dusty piano loop, mellow boom-bap drums, vinyl crackle, soft humming, relaxed and feel-good.
Cover prompt: Cartoon witch on a broom with a delivery backpack of glowing bottles over a sleepy rooftop town at dusk, muted lo-fi palette, anime-chill style, warm streetlights."
Just The Stem,chamber pop,elf from New Jersey,"""Just The Stem"" tells the whimsical yet weary story of an elf traveler from New Jersey who arrives at their destination with a cold and a very practical mindset. When greeted with an elaborate lotus ceremony—including delicate petals and a sophisticated sculpture—the traveler politely rejects the artistic symbolism in favor of the fried lotus stems. The song captures the clash between high-art tradition and a ""strip mall culture"" upbringing, emphasizing a preference for what is grounded and filling over what is merely beautiful. Ultimately, the traveler chooses to donate the sculpture to charity, keeping only the ""crunch"" that reminds them of home.",Create a song where an elf traveller from US is greeted with lotus stem fried starters along with lotus petals and a lotus flower sculpture. He chooses only the stem and keeps the sculpture and the flower away for charity- and says that he and his friends like only the stem
Zero Gravity Slice,Space Disco-Soul,"a cheerful, bubble-helmeted astronaut who turned his orbital station into the galaxy's premier weightless pizzeria","Zero-G Slice"" is a celebratory anthem about the ultimate intergalactic hangout. The track follows an astronaut chef as he tosses dough into the velvet sky, watching sauce and toppings drift like clouds in a gravity-free kitchen. With its infectious ""four-on-the-floor"" beat and funky slap bass, the song captures the magical, weightless atmosphere of a space station where the party never touches the ground and the pizza is truly heavenly.","Song Topic : The Zero-G Pizza Parlor
Story Idea: An astronaut opens a pizzeria on a space station where the ingredients float freely, allowing him to spin dough in zero gravity for alien tourists.
Music Genre Prompt: Upbeat Space Disco with funky basslines, cosmic synth swirls, and a rhythmic, clapping beat.
Cover Art Prompt: Retro-futuristic cartoon style. A cheerful astronaut in a bubble helmet tossing a giant pizza dough in the air, with pepperoni slices and cheese meltingly floating around him inside a glass-domed spaceship kitchen."
I'm the birthday girl,Afro-pop ,Dragon's birthday,"tells the story of the youngest dragon on the mountain hitting her 1 centennial milestone. Instead of a quiet cave gathering, she throws a massive, all-night mountain-shaking dance party. The track follows her as she commands the crowd to drop their gloom and celebrate a hundred years of fire under the morning sun","Song Topic : Dragon's Birthday Bash
Story: The youngest dragon turns 100 and the whole mountain throws an all-night dance party.
Music prompt: Afrobeats, 105 BPM, syncopated log-drum bass, bright guitar licks, layered vocal chants, shakers and horns, celebratory and warm.
Cover prompt: Cartoon baby dragon wearing a party hat beside a giant flaming candle cake, friends dancing around, vibrant sunset colors, playful cartoon style, balloons everywhere"
Moving On,gypsy jazz swing,centaur swing band,"The Galloping Four"" tells the story of a legendary centaur swing band traveling through the meadowlands. It captures the rhythmic thrum of their hooves blending with the ""La Pompe"" guitar style as they bring virtuosic violin solos and high-energy swing to packed timber-roofed taverns before vanishing back into the valley at dawn","Song Topic : The Centaur Swing Quartet
Story: Four centaurs form a swing band and tour the meadow taverns to packed houses.
Music prompt: Gypsy-jazz swing, 160 BPM, fast acoustic guitar comping, upright bass, clarinet and violin solos, brushed snare, playful and virtuosic.
Cover prompt: Four cartoon-style cartoon centaurs playing jazz instruments on a wooden stage, 1930s rubber-hos"
Stay in the tide,Electronic Shoegaze and Bossa Nova Chillwave,mermaid caretaker ,"The song tells the story of a mermaid tending to a secret, glowing underwater sanctuary. Set to a 95 BPM pulse with shimmering synth pads and gentle nylon guitar, the song captures the rhythmic, meditative process of singing baby seahorses to sleep. It’s an ethereal lullaby that feels both suspended in time and deeply tranquil.","Song Topic : Coral Garden Lullaby
Story: A mermaid tends a secret glowing garden and sings the baby seahorses to sleep.
Music prompt: Bossa nova chillwave, 95 BPM, nylon guitar, soft synth pads, gentle brush percussion, breathy vocal, dreamy and tender.
Cover prompt: Cartoon mermaid tucking tiny seahorses into glowing anemone beds, soft teal and pink palette, gentle watercolor cartoon style, drifting bubbles."
Finally off the ground,,dragon's flight attempt by itself,"The track tells a touching story of resilience through the metaphor of a young dragon’s first flight. It opens with an intimate, vulnerable piano melody reflecting the exhaustion of falling ""ninety-nine times."" As the lyrics shift from self-doubt to a final, brave attempt, the music swells with triumphant strings and massive cinematic drum builds. The soaring vocal climax represents the literal and emotional ""lift-off,"" turning a history of failure into a glorious, high-altitude victory. It’s a powerful anthem about the beauty of not giving up","Song Topic : First Alone Flight
Story: A little dragon finally takes off after a hundred wobbly tries, and the whole valley cheers.
Music prompt: Cinematic orchestral pop, 100 BPM, swelling strings, piano, big drum builds, soaring uplifting vocal, hopeful and triumphant.
Cover prompt: Tiny cartoon dragon spreading wings against a golden sunrise over green valleys, inspirational storybook style, warm gradient palette, soft clouds."
We drink the amber light,chamber pop,elven tea party,"It's a whimsical look into the high-stakes world of an elf's tea ceremony. Musically, it blends a sophisticated string quartet arrangement with grand, operatic vocals, making the simple act of pouring amber tea feel like a majestic, sacred event. The story celebrates the ""purity and love"" found in the ritual, all backed by that bustling, storybook-cozy energy we dialed in","Song Topic : Elf Tea at Four
Story: A fussy but lovable elf hosts the daintiest tea party, where the teapots gossip.
Music prompt: Baroque pop, 108 BPM, harpsichord, pizzicato strings, light flute, tidy hand percussion, whimsical vocal, charming and proper.
Cover prompt: Cartoon elf pouring tea for chatty teapots at a flower-covered table, pastel storybook style, fine line art, soft afternoon light."
Mediocrity,Narrative Folk,"elf sitting in an amusing setting and singing, playing guitar near a farm","""Mediocre Mostly"" is a self-aware, narrative folk anthem that finds beauty in the unpolished and the everyday. Centered around the mantra of ""a blessed path anyway,"" the lyrics follow a character (represented visually as a weary wood-elf farmer) who has traded magical ambitions for a battered acoustic guitar, a leaning porch rail, and a garden full of weeds.","Create a song called ""mediocre mostly"" with lines like ""not an expert in most things, credits to all the experts, thank you for a blessed path anyway, mediocrity is not something that I ever chased, but you end up getting things that you do not chase too, haha, just kidding"""
Still Counting,ambient dreamwave,centaur counting stars,"This track follows a gentle centaur as she makes his nightly climb to the summit of a quiet hill. Under a deep indigo sky, she meticulously names new constellations, drawing lines between the stars to map out the cosmic unknown","Song Topic : The Centaur Who Counts Stars
Story: Each night a gentle centaur climbs the hill to name new constellations.
Music prompt: Ambient dreamwave, 90 BPM, glassy synth pads, soft pulse bass, twinkling bells, whispered vocal, serene and cosmic.
Cover prompt: Cartoon centaur gazing up at a swirling starry sky on a quiet hill, deep indigo and silver palette, soft glowing stars, calm illustrative style."
Choose Your Favorite,Children's Folk,5 okras decorated as fingers,"Choose Your Favourite"" is a playful and educational nursery rhyme that reimagines five pieces of okra as distinct, hand-painted characters arranged like the fingers on a palm. Each veggie has its own artistic personality—from blue stripes to red polka dots—but the star of the show is okra number three, who shines in bright sunshine yellow with a golden crown in the middle. The song invites listeners to look closely at the ""palm"" and pick their favorite member of this colorful veggie family.","create a song called ""choose your favourite"" where 5 okra pieces are described as painted veggies - number them 1, 2, 3, 4 and 5 and they are arranged in the shape of a palm. Make each distinct but the middle okra has to be the most special"
A heavy archive,Literary Indie Folk-Rock and Atmospheric Dream-Pop,mermaid and elf,"The story follows a mermaid who has engineered a ""cedar-substrate"" paper that can withstand the crushing pressures of the deep ocean and record underwater vibrations. She swims through the dark, high-pressure trenches, clutching her invention, before breaching the surface to meet her elf brother at a jagged dock. The song captures the bridge between their two worlds as he signs the resin paper, acknowledging her breakthrough in a moment of magical, cross-kingdom collaboration","create a song called ""hey bro, I invented special paper"" which a mermaid sings while swimming and reading a paper inside the water. she comes out of the water and throws it to her elf brother who signs his name on it and says ""thank you for your invention"""
Silent For Too Long,"Cinematic Trip-Hop, Noir-Pop",witch in last bench,"a witch sat in the last bench in a conference and shut her mouth with a mask, and after all these years she wants to share her opinions but nobody cares now","Create a song called ""silent for too long"" about a witch who sat in the last bench in a conference and shut her mouth with a mask. And add lines like "" i never spoke much, and now nobody hears me"""
A Social Hippogriff,"Indie Rock, Baroque Art-Pop",hippogriff bonding with giants and dragons,"""Social Hippogriff"" is a quietly defiant anthem about being a hybrid creature who refuses to be boxed into anyone's social categories. While a status-anxious ""you"" walks the ""social wire"" of polite society — starched linen, garden tea, seating plans — the hippogriff draws kinship from the mythic world, bonding with ancient fire and walking among dragons and giants. The lush imagery of an old polite order being overgrown by something wilder reinforces the theme. At its heart, the song celebrates self-defined identity as ""a peculiar dignity, a category of my own",
Kings of the Cul-de-sac,Rockabilly with a gritty Psychobilly edge,witch's restless cats,"Kings of the Cul-de-sac"" tells the story of a witch's three restless cats—Ink, Barnaby, and Scratch—who trade their boring lives on the rug for a jagged, high-energy rockabilly career. From stealing picks in the kitchen to tearing up the local scene with ""meow"" backing vocals, they’ve officially become the rowdiest legends in the neighborhood.","Song Topic : The Witch's Cat Band
Story: A witch's three cats start a rockabilly band and become local legends.
Music prompt: Rockabilly, 145 BPM, slap upright bass, twangy guitar, snappy snare, playful ""meow"" backing vocals, retro and rowdy.
Cover prompt: Three cartoon cats playing guitar, bass, and drums on a tiny stage with a winking witch in the crowd, 50s diner palette, bold cartoon style, checkerboard floor."
Number Eighty-Four,Garage-Surf Rock with a Post-Punk Revival edge,mermaid surfing,"""Number Eighty-Four"" tells the surreal story of a mermaid who unexpectedly joins a high-stakes human surfing competition. As the crowd watches in stunned silence, she bypasses the standard gear for her own natural scales, using mechanical precision to carve through a massive vertical wall of water. The track captures the frantic energy of the beach-side spectacle through driving tom-heavy percussion, frantic Farfisa organ stabs, and reverb-soaked guitars that mimic the spray of the ""impact zone.","Song Topic : Mermaid Surf Open
Story: A mermaid enters the human surf contest and rides the biggest wave of the day.
Music prompt: Surf rock with synth, 150 BPM, reverb-drenched guitar, driving tom beat, organ stabs, energetic chant, sunny and wild.
Cover prompt: Cartoon mermaid carving a giant turquoise wave on a glowing surfboard, vibrant beach palette, retro surf-poster style, spray and sunshine."
The Water Heals You,"City Pop, blended with a mellow Lo-fi R&B",dragon,"the story of a dragon who transforms his volcanic home into a cozy, lantern-lit spa where weary travelers can soak under the stars. Musically, it’s a smooth City Pop track driven by a slinky bassline, velvet-toned vocals, and dreamy electric piano that captures the feeling of a luxurious, late-night escape","Song Topic : Dragon Hot Springs
Story: A dragon turns his volcano into the coziest spa, where everyone soaks under the stars.
Music prompt: City pop / lo-fi groove, 92 BPM, smooth electric piano, slinky bass, soft synth horns, relaxed vocal, mellow and luxurious.
Cover prompt: Cartoon dragon relaxing in a steaming hot spring with little lantern-lit guests, soft nighttime palette, retro anime style, glowing steam and stars."
Lift It Up,Bollywood-EDM fusion,elves and humans,"The story follows a gathering of elves and humans on a riverbank, marking the end of winter. It builds from an atmospheric verse focused on the anticipation of lighting the lanterns into an explosive, celebratory drop. The lyrics ""Lift it up"" and ""Every spark, life"" mirror the literal rising of a thousand lanterns into the night sky, turning the darkness into a shimmering celebration of new beginnings.","Song Topic : Festival of a Thousand Lanterns
Story: Elves and Humans light floating lanterns across the river to welcome spring, dancing all night.
Music prompt: Bollywood-EDM fusion, 130 BPM, dhol and tabla over festival synths, sitar lead, big celebratory drop, layered chant vocals, radiant and joyful.
Cover prompt: Cartoon elves and Japanese/Indian humans releasing glowing lanterns over a river, warm gold and saffron palette, festive illustrative style, reflections shimmering on water. Studio Ghibli style"
Not Beneath,Melodic Future Bass,mermaid who just got wings,"The song tells a powerful story of liberation and self-actualization. The narrator has emerged from a dark ""abyss"" and now finds themselves in a state of elevated detachment—not too far gone, but just high enough to be unreachable by those who once looked down on them. It’s a triumphant anthem about rising above negativity and maintaining your own space, delivered with an atmospheric, uplifting energy","Melodic future bass, emotional EDM, soaring vocals, atmospheric intro, uplifting synth drops, energetic yet reflective, crisp modern production."
Inglorious Stones,Folk Rock,man - deep introspection,"""Inglorious Stones"" is a reflective narrative about a man revisiting a boundary ridge and a garden wall, using the metaphor of unrefined, ""inglorious"" stones to explore the futility of trying to wall off the world. It’s a weary but peaceful meditation on legacy, the passage of time, and finally letting go of the structures we build to protect—and inadvertently isolate—our hearts","create a song with the lines ""inglorious..fill in the blank, choose a noun - singular or plural, and it is not the name of a movie, although it can be, if you insist"". extend to add suitable lines"
Boba Spell,"K-pop, teen pop",witch in boba shop,"""Boba Spell"" tells the story of a stylish young witch running a modern bubble tea shop where magic is served in every cup. The lyrics follow the ritual of mixing destiny into sweet syrups, culminating in a high-energy chorus that captures the ""pop"" of a boba straw and the instant rush of good luck. It’s a bubbly, rhythmic anthem about finding magic in everyday treats.","Song Topic :  Boba Spells
Story: A trendy young witch opens a bubble-tea shop where every drink grants a tiny lucky charm.
Music prompt: K-pop, 118 BPM, bright synth plucks, punchy 808s, catchy pre-chorus, layered harmonies, sweet and bubbly.
Cover prompt: Cute cartoon witch handing over a sparkly boba cup with floating charms, pastel pink-and-mint palette, kawaii flat style, sticker-like details."
Four Beat Gait,Organic Folktronica,centaurs,"The song captures the transition of the seasons—celebrating the harvest with heavy stomps and a relentless, driving gait","Song Topic : Harvest Hoedown
Story: Centaurs throw the autumn harvest dance, stomping out a rhythm that shakes the meadow.
Music prompt: Bluegrass-electronic fusion, 135 BPM, banjo and fiddle over a four-on-the-floor beat, foot stomps, glitchy drops, group hollers, rustic and electric.
Cover prompt: Cartoon centaurs dancing in a barn strung with fairy lights and pumpkins, cozy autumn palette, warm cartoon style, hay bales and golden glow."
Burn The Floor,Latin house / reggaeton fusion,dragons dancing on the street,an urban dance anthem centered on a trio of small but legendary dragons who dominate the kingdom's street-dance scene,"Song Topic : Dragon Dance Crew
Story: A trio of small dragons becomes the hottest street-dance crew in the kingdom.
Music prompt: Latin house / reggaeton fusion, 100 BPM, dembow rhythm, brass hits, bouncy piano, catchy Spanish-style hook, hot and danceable.
Cover prompt: Three cartoon dragons mid-breakdance on a sunny plaza with a boombox, vibrant tropical palette, bold street-art cartoon style, graffiti backdrop."
Old For Most Things,Narrative Observational Folk (with an Americana/Blues variation),a weathered wizard,"""Practical Difficulties"" is a weary but dignified meditation on aging. It contrasts the youthful energy of the past—running for the wind and carrying heavy rucksacks—with the humble, physical realities of the present, like swollen garden gates and heavy milk cartons. The heart of the song lies in the realization that the true weight of getting older isn't visible until you’re actually living through the small, daily struggles","Create a song called ""old and veteran-like feel"", with a theme of ""old for most things"", with lines like ""the practical difficulties are not visible until I live them"".
""A charming cartoon illustration of a wizard (or elf) with shoulder-length brownish-gold hair streaked with the first hints of grey, a neatly kept beard in matching tones, pointed ears, and warm, slightly tired but still lively eyes — weathered but not ancient, a 'getting older but still got it' presence. He sits in a worn wooden rocking chair on a rustic porch at dusk, wearing a heavy, loose wool robe/coat in deep amber and forest-green tones, sleeves slightly rolled, strumming a small weathered lute, mouth open mid-song. Beside him, a small loyal pet — a sleepy old owl or scruffy little dog — curled up at his feet. Around the chair: a rusty garden gate slightly ajar, a beetle crawling on a faded rug, a gnarled wooden cane leaning nearby, dust motes catching the warm golden light of a setting sun. Soft painterly cartoon style with warm sepia, amber, and dusty-blue tones, gentle linework, Studio Ghibli-meets-storybook illustration aesthetic, cozy melancholic but still warm atmosphere, textured shading, a face that shows wear without looking frail."
Weird Scripts,,"dragon, elf, mermaid",,"Create a song along the theme of ""The movie may not get the story you want always, do not write weird scripts"", it should have those lines. Let the characters in it be a dragon, elf or a mermaid, generate cartoon style cover art"
Watch The Orchard Rising,Alternative Pop-Electronic (with Indie Dance-Rock influences,dragon,"he whimsical story of a dragon undergoing a personal and environmental transformation. Instead of destruction, the dragon uses its power for productivity—burying ""trash bags"" of negative past speech as organic fertilizer and using its fire breath to carefully char wood to establish a new orchard. It’s a metaphorical anthem about turning toxic remnants into a flourishing, fruitful future.","create a song called ""end of abusive language"", and make it about a dragon burying trash bags as manure, and burning some wood to create an orchard. generate cartoon and vector style cover art"
Stone Yields,Indie Folk-Hop,dragon and elf,"""Stone Yields"" tells the story of an elf’s twenty-six-year journey to conquer a blinding, sun-drenched snow peak. It’s a narrative of pure dedication, as the elf carries a young dragon whose wings haven't yet learned to catch the wind. The song celebrates the quiet strength of finding a path where others see only stone, culminating in a triumphant reach for the summit","Create a song called ""summer of 26"" and make it about patience, dedication and hard work of an elf to climb a snow mountain in bright sunlight, along with a small baby dragon which doesn't know how to fly. Create a cartoon style cover for this song called ""summer of 26"" : and make it about patience, dedication and hard work of an elf to climb a snow mountain in bright sunlight, along with a small baby dragon which doesn't know how to fly

"
Here To Fly With You,Folk-Rock ,elf,"This specific version of the song, ""Here To Fly With You,"" centers on the emotional breakthrough of leaving a desolate island life behind. It starts with the heavy monotony of ""tide at my heels"" and survival prayers, but quickly transforms into a soaring anthem of freedom when the dragon rescues her.","Create a song called ""copy and save"" about a woman being pessimistic, after being stuck in an island. However a dragon flies to her and says ""no need to copy or laze, I am here to fly with you"". Create cartoon style cover art to depict this scene"
Weightless,,,,"create a song along the theme of ""extra vision"" where a group of elves buy AR/VR glasses and watch an entertainment reel or short video inside the glasses. they get transferred into an alternate world in space"
The Circle Knows,Neurotic Electro-Pop ,woman,"The track tells the story of a woman completely enamored with her new smart ring, tracking the ""magic"" of her biological data in real-time. From monitoring deep sleep scores to waving her hand for contactless payments, the lyrics explore the seamless—and slightly obsessive—integration of wearable tech into daily life. It captures that modern feeling where the data knows you better than you know yourself, all wrapped in a polished, neon-soaked electronic groove.","create a song about ""Smart Ring Magic"" where a woman wears a smart ring and gets excited by its features. Check out the best smart ring features online and make a song about her wearing a smart ring"
The Red Path,symphonic space folk,"elf, dragon rider","the song tells the story of an elf rider guided across the iron sands of a desolate red world by a majestic dragon. Together, they navigate silent canyons and ancient stone paths to find their true home beyond the stars. Musically, it's a Symphonic Space Folk track blending delicate Celtic harp, wooden flute, and a soaring operatic soprano. ","Make a song about a dragon in Mars, the way it discovers the planet with a woman elf rider. Genre : Symphonic Space Folk — orchestral swells + Celtic/elvish folk instrumentation (harp, flute) layered with ambient synth textures to evoke both ""fantasy"" and ""sci-fi/cosmic"". Cover Image Prompt:
A whimsical cartoon illustration in warm Studio Ghibli-inspired style, painterly and hand-drawn feel with soft cel-shaded textures. A majestic dragon with rust-orange and copper scales, wings spread wide, gliding low over the rust-red dunes of Mars. Scales catch glints of amber light, with subtle iridescent undertones of turquoise along the wing membranes. The dragon's eyes glow a soft golden-amber, full of curiosity and wonder as it surveys the alien landscape below.
Riding atop the dragon's neck sits a graceful woman elf with long silver-white hair flowing in the thin Martian wind, pointed ears peeking through her hair, wearing flowing indigo-and-bronze traveler's robes with celestial embroidery. She leans forward, one hand shielding her eyes, the other resting on the dragon's neck ridge, her expression a mix of awe and quiet determination — an explorer's gaze.
Background: the iconic rust-colored Martian terrain, complete with distant crater rims, wind-swept dust trails, and jagged red-orange rock formations reminiscent of Valles Marineris. Twin small moons (Phobos and Deimos) hang faintly in a dusky lavender-pink sky, blending into deep indigo at the edges, with a scattering of soft stars. Wisps of thin atmospheric haze swirl around the dragon's wingtips like ribbons.
Lighting: warm golden-hour glow mixed with cool violet shadows, giving a dreamlike, painterly contrast. Rim lighting outlines the dragon and rider against the sky for a heroic silhouette effect.
Composition: dynamic diagonal framing, dragon banking mid-flight across the frame, small in scale against the vast alien horizon to emphasize discovery and scale of a new world. Foreground includes a few weathered red rocks and faint dragon-shadow cast on the dune below for depth.
Mood: adventurous, curious, otherworldly wonder — a fantasy explorer's first glimpse of a new frontier."
Cut The Thin Air,Epic orchestral folk,"Aurelia (elf rider), Copperwing (dragon)","Fresh off landing on Mars, Aurelia and her dragon Copperwing spot the mouth of a colossal canyon and dive in on a dare, testing whether his broad wings can hold in Mars' thin air. The song is the rush of that first real test - fear turning into exhilaration as Aurelia leans low against his neck and realizes they can fly here.","Music: Epic orchestral folk with driving taiko drums and a soaring female vocal, building from a hushed intro into a triumphant chorus as the dragon dives into the canyon; strings mimic vertigo and windrush. || Image: Studio Ghibli-style cartoon - Copperwing, a copper-orange dragon with curved horns and teal-green wing membranes, banking steeply into a vast rust-red canyon; Aurelia, chestnut-haired and pointed-eared in her purple-green tunic, leaning forward on his back with hair streaming in the wind; dust clouds below, warm orange-pink sky gradient."
End Of The Map,Progressive folk-rock,"Aurelia (elf rider), Copperwing (dragon)","""End of the Map"" tells the story of Aurelia and her stubborn dragon, Copperwing, who refuses to believe in a mountain taller than the sky until he climbs it himself. Musically, it’s a slow-building progressive folk-rock anthem that mirrors their grueling ascent up the solar system's largest volcano, opening with a low drone before swelling into triumphant brass, choir, and a sweeping peak above the clouds.","Story: Aurelia hears of a mountain ""taller than any sky,"" and stubborn Copperwing refuses to believe it until he sees it himself. The song follows their slow, grueling climb up the solar system's largest volcano, his wings straining in thin air, until they crest the summit and stand above the clouds of an entire world. || Music: Slow-building progressive folk-rock, low drone opening swelling into anthemic brass and choir; tempo mirrors the climb, ending in a triumphant peak. || Image: Cartoon Ghibli style - Copperwing and Aurelia silhouetted against a massive volcano summit, his teal wings spread wide against wispy Martian clouds, Aurelia standing on his back with arms outstretched, chestnut hair whipping sideways, pastel dawn colors."
Wrap Me In,Orchestral folk waltz,"Aurelia (elf rider), Copperwing (dragon)","""Wrap Me In"" is a turbulent 3/4 progressive house waltz driven by swirling staccato strings, heavy distorted synth gusts, and urgent, breathless vocals. The story centers on Aurelia and Copperwing braving a blinding orange storm, relying on pure trust as his wings wrap around her to shield her, resolving into a quiet acoustic outro as they find safety.","Story: A storm rolls in faster than either expects, swallowing the horizon in orange haze. Aurelia loses sight of the ground; Copperwing flies on instinct alone, curling his body around her to shield her from the grit. The song is about trust - surviving something neither can see, together. || Music: Turbulent 3/4 waltz with swirling strings and distorted synth gusts, vocal urgent and breathless, percussion mimicking storm winds, resolving into a calm acoustic outro. || Image: Stylized cartoon storm scene - Copperwing curling his long copper body protectively around Aurelia amid swirling ochre dust spirals, glowing amber eyes cutting through the haze, her chestnut hair whipped across her face as she grips his neck, dynamic diagonal composition."
Drifting Past,Airy folk-pop,"Aurelia (elf rider), Copperwing (dragon)","""Drifting Past"" is a dreamy, weightless folk-pop breather track (95 BPM in E Major) featuring sparkling bell tones, lush self-harmonies, and soft synth pads. It captures the quiet relief and pure wonder of Aurelia and Copperwing floating free among Mars' moons after surviving a treacherous dust storm.","Story: After the storm, exhausted Aurelia and Copperwing push higher, past the atmosphere entirely, drifting up to Mars' two small moons. Weightless for the first time, Aurelia lets go of the reins and floats free. A breather song, pure wonder after danger. || Music: Dreamy, airy folk-pop with twinkling bell tones and soft synth pads, weightless floating rhythm evoking low gravity, vocal harmonizing with itself. || Image: Cute cartoon scene - Copperwing and Aurelia floating weightless between two small potato-shaped moons in a dusty purple starfield, her chestnut hair drifting freely around her pointed ears, his teal wing membranes catching starlight, whimsical and bright."
The Fire Is Over,Ethereal folk ballad,"Aurelia (elf rider), Copperwing (dragon)","""The Fire Is Over"" is an ethereal, icy folk ballad (70 BPM) featuring hushed vocals, glass harmonica, and soft choir pads. It follows Aurelia and her dragon Copperwing as their scorching desert journey suddenly gives way to the stillness and quiet awe of a frozen polar ice cap.","Story: Curious what lies at the ends of this red world, Aurelia guides Copperwing north until the ground turns white beneath his claws. Neither expected ice on a planet that's felt like fire and dust the whole journey. Quiet awe fills the song. || Music: Ethereal, icy folk ballad with glass harmonica and soft choir, tempo slow and reverent, vocal hushed with wonder, subtle crystalline chimes. || Image: Cartoon Ghibli-style - Copperwing landing gently on a white polar ice cap, Aurelia kneeling in her tunic to touch the frost beside his clawed foot, chestnut hair catching the wind, pale blue-white palette with soft pink sunset light, visible breath in the cold air."
I'd turn back,Mysterious ancient folk,"Aurelia (elf rider), Copperwing (dragon)","""I'd Turn Back"" is a dark, ancient-sounding folk track about Aurelia and Copperwing exploring mysterious, half-buried alien pillars in the red sand. Driven by a mournful duduk, modal acoustic guitar, and low vocal chants, it captures the eerie, building tension of venturing into the unknown.","Story: Half-buried in a dune field, Aurelia and Copperwing find stone pillars that couldn't have grown there naturally. Someone - or something - was here before them. The song follows Aurelia's careful, lantern-lit exploration while wary Copperwing prowls behind her. || Music: Mysterious, ancient-sounding folk with modal melodies, duduk-like woodwind lead, low chant-like backing vocals, tempo slow and exploratory, building tension mid-song. || Image: Cartoon fantasy scene - Copperwing peering warily into a ruin entrance, ears flattened; Aurelia ahead of him holding a glowing lantern, chestnut hair falling over one shoulder; half-buried alien pillars in red sand, mysterious teal light spilling from within."
The Winner Shall Sit,Folk-metal,"Aurelia (elf rider), Copperwing (dragon), rival obsidian dragon","""The Winner Shall Sit"" is a 120 BPM proto-doom metal anthem capturing a high-stakes aerial dogfight between Aurelia on Copperwing and a rival obsidian dragon above a Martian crater. Dual-harmonized guitars and call-and-response vocals mirror the frantic clash as both beasts fight for control of the sky.","Story: They're not alone - a jagged obsidian-black dragon rises from a crater to challenge Copperwing in the sky. The song is a duel, Aurelia clinging tight trying to keep her dragon from a fight neither can afford to lose. || Music: High-energy folk-metal hybrid, dueling melodic lines representing two dragons, fast drums, competitive call-and-response vocal phrasing, climactic key change. || Image: Dynamic cartoon action scene - Copperwing, wings flared wide, facing off against a jagged obsidian-black rival dragon mid-air; Aurelia gripping tight to his back, chestnut hair whipping in the turbulence; sparks and dust flying, dramatic low-angle composition against a rose-purple sky."
The Lens is Open,Acoustic folk-electronic,"Aurelia (elf rider), Copperwing (dragon), Mars rover","Weary from conflict, Aurelia and Copperwing discover a lonely rover quietly logging Martian rocks, turning tension into a gentle, curious friendship. Warm acoustic fingerpicking paired with playful synth bleeps that mimic the rover's camera clicks.","Story: Exhausted from the standoff, Aurelia and Copperwing stumble on something stranger than any creature - a small wheeled machine quietly photographing rocks. A gentle, funny truce between the ancient and the mechanical. || Music: Gentle, curious tune blending acoustic folk with soft electronic blips and beeps, playful call-and-response between vocal and synthesized ""rover"" chirps, tender and whimsical tone. || Image: Charming cartoon scene - a small solar-powered rover looking up at Copperwing lowering his horned head curiously; Aurelia crouched beside them, chestnut hair falling forward, offering a friendly wave; warm golden-hour lighting, storybook whimsy."
End Of The Night,Atmospheric folk,"Aurelia (elf rider), Copperwing (dragon)","""The Deep Blue Seam"" tells the story of Aurelia and her dragon Copperwing breaking through a dry mountain passage to discover a glowing, bioluminescent underground lake—bringing life-saving water to a desolate world. Musically, it's an atmospheric folk track built around cavernous reverb, dripping-water percussion, and lush female vocal harmonies that accelerate from a sparse, solemn intro into a hopeful, major-key resolution","Story: Following an old instinct, Copperwing paws at a crack leading deep underground - and at the bottom, water, glowing faintly blue. After a journey of dust and fire, the song is relief at finding something this world needed all along. || Music: Atmospheric folk with cavernous reverb, dripping-water percussion textures, layered echo harmonies, tempo rising, hopeful major-key resolution at discovery. || Image: Cartoon underground cave scene - Copperwing carefully fitting his large frame through a narrow cave passage, teal wings folded tight; Aurelia standing at the edge of a glowing turquoise underground lake, chestnut hair lit by bioluminescent glow; crystal formations lining the walls."
The Red-Clay Earth,Anthemic orchestral folk finale,"Aurelia (elf rider), Copperwing (dragon)","Aurelia and Copperwing stand on a sunset cliff overlooking the canyons, storms, and ruins of their journey. • Theme: Moving past life as wandering strangers to claim Mars as their true, permanent home. ","Story: Canyon, volcano, storm, moons, ruins, a rival, a rover, an underground sea - every leg of the journey has led here. Standing on a cliff at sunset, Aurelia and Copperwing stop exploring Mars as strangers and start calling it home. || Music: Full anthemic finale combining musical motifs from earlier songs, layered choir, soaring strings and full band, triumphant key change into the final chorus, celebratory and expansive. || Image: Wide cartoon vista - Copperwing perched atop a red cliff at sunset, wings half-spread; Aurelia beside him, one hand on his flank, the other raised toward two rising moons, chestnut hair catching the last light; faint outlines of canyon, volcano, and ruins in the distance, warm celebratory colors."
Where We Belong,Warm folk-pop,"Aurelia (elf rider), Copperwing (dragon)","Aurelia and her dragon, Copperwing, haul stones and light a campfire to build their first true resting place on a Martian cliffside. • Theme: A tender, domestic moment celebrating companionship, quiet routines, and finally finding a home under the blue twilight of Mars","Story: With Mars finally feeling like home, Aurelia and Copperwing choose a cliffside ledge to build their first resting place. Domestic and tender - Copperwing hauling stones while Aurelia arranges a fire pit, both settling into an unexpected rhythm. || Music: Warm folk-pop with acoustic guitar and gentle hand percussion, cozy mid-tempo groove, vocal relaxed and content, subtle strings swelling at the chorus. || Image: Cartoon Ghibli-style - Copperwing stacking red stones with his claws on a cliffside ledge, teal wings tucked; Aurelia arranging a small campfire nearby, chestnut hair loose in the firelight; soft twilight colors, glowing hearth light."
A Lean Thing,Folk-adventure,"Aurelia (elf rider), Copperwing (dragon), Martian sandcat","The Discovery: Aurelia and Copperwing stumble upon soft, teardrop-shaped prints winding through the iron dust of Mars.
The Encounter: They lock eyes with a elusive, sand-colored feline before it quietly vanishes into a desert burrow.
The Sound: A bright, inquisitive folk-adventure track led by fingerpicked acoustic guitar and light, footstep-style percussion.
The Vibe: A warm, storytelling anthem celebrating curiosity and the quiet miracle of native life taking root on Mars","Story: Paw prints unlike anything they've seen lead Aurelia and Copperwing to their first native Martian animal - a lean, sand-colored feline that vanishes into burrows. Playful curiosity at realizing Mars has its own wildlife. || Music: Bouncy folk-adventure tune with plucked strings and light percussion mimicking padding footsteps, playful call-and-response vocal, tempo quick and inquisitive. || Image: Cartoon scene - a sleek sand-colored creature peeking from a burrow; Aurelia, with a crop jacket and embroidered pants, crouched low tracking prints, chestnut hair tied back; Copperwing sniffing the ground curiously behind her, horns catching warm dune-colored light. "
Hold The Note,Ambient folk,"Aurelia (elf rider), Copperwing (dragon)","This song blends ambient folk with deep sub-bass drones and fingerpicked acoustic guitar to capture the desolate beauty of a desert canyon. The narrative follows Aurelia as she realizes her dragon, Copperwing, can roar in perfect harmonic pitch with the wind howling through the rock spires. Haunting soprano vocals weave around low, resonant calls, steadily building into a powerful choral swell. It's an atmospheric piece celebrating the exact moment a dragon finds his unique voice within the landscape.","Story: Wind through canyon rock formations creates eerie natural harmony, and Copperwing discovers he can roar in matching pitch, making music with the landscape. Aurelia realizes her dragon has a voice all his own. || Music: Ambient folk with layered wind-instrument drones and deep resonant dragon-roar-inspired bass tones, ethereal female vocal weaving around a low harmonic ""dragon call,"" building to a full choral swell. || Image: Cartoon scene - Copperwing with head tilted back, throat glowing faintly as he roars into a canyon of wind-carved rock spires, teal wings flared; Aurelia sitting nearby listening, chestnut hair blowing sideways; swirling visual sound-wave lines, dusky purple sky with twin moons faint overhead."
Garden Of Glass and Salt,Lush tranquil folk,"Aurelia (elf rider), Copperwing (dragon)","An old crater holds a secret: a shallow lake fed by ice melt, ringed with strange crystalline plant life. Aurelia swims for the first time on Mars while Copperwing wades along the shallows, both marveling that green things can grow here.","Story: An old crater holds a secret: a shallow lake fed by ice melt, ringed with strange crystalline plant life. Aurelia swims for the first time on Mars while Copperwing wades along the shallows, both marveling that green things can grow here. || Music: Lush, tranquil folk with flowing harp and soft flute melody, gentle triplet rhythm evoking rippling water, vocal breathy and peaceful. || Image: Cartoon oasis scene - a shallow turquoise crater lake ringed with glowing crystal plants; Aurelia swimming near the shore, wet chestnut hair slicked back; Copperwing wading in the shallows nearby, teal wings folded; soft green-blue palette."
The Wave Arrives,Folk-electronic hybrid,"Aurelia (elf rider), Copperwing (dragon)","Elf rider Aurelia uncovers a buried human radio transmitting a strange, rhythmic signal across the Martian sand. The Tension: Copperwing paces uneasily as the realization dawns: they aren't the first travelers to walk Mars. The Sound: Glitchy monophonic synths and wooden lute plucks interlock with searching, vocoded vocals that mimic Morse code. The Mystery: An eerie, clinical transmission capturing the chilling thrill of an unexpected cosmic discovery.","Story: During routine patrol, Aurelia, the elf rider woman picks up a strange rhythmic signal on an old human radio device buried in sand - proof she and her copper colored dragon Copperwing aren't the only visitors Mars has ever had. Tension and mystery, Copperwing pacing uneasily. || Music: Tense, atmospheric folk-electronic hybrid with glitchy synth pulses under acoustic instrumentation, vocal urgent and searching, rhythm mimicking Morse-code-like pulses. || Image: Cartoon scene - Aurelia, with tied hair and a stylish jumpsuit and golden boots, kneeling over a half-buried old radio device with glowing dials, chestnut hair falling around her face in concentration; Copperwing standing alert behind her, scanning the horizon with amber eyes; dusty twilight lighting. use attached images for reference"
A Million Heavy Feet,Sweeping folk-rock,"Aurelia (elf rider), Copperwing (dragon), migrating herd","A driving folk-rock anthem capturing the awe of Mars's massive biannual animal migration. • Aurelia and Copperwing soar above red plains as a million horned creatures thunder below. • Galloping percussion and sweeping strings match the relentless tempo of the herd in motion. • Raspy, soaring tenor vocals celebrate the hidden, vibrant life thriving on a supposedly dead world. • An expansive, dusty, and free-spirited track about raw movement under a copper sun","Story: Twice a year, herds of horned Martian creatures migrate across the northern plains. Aurelia and Copperwing fly alongside them for days, awed by the scale of life this ""empty"" planet actually holds. || Music: Sweeping, driving folk-rock with galloping percussion and layered strings evoking a herd in motion, vocal soaring and free, tempo building steadily. || Image: Wide cartoon vista - a massive herd of horned creatures streaming across red plains; Copperwing flying above them with teal wings spread wide, Aurelia riding with chestnut hair streaming behind her; dust trailing below, golden late-afternoon light."
The Mountain is Awake,Orchestral folk-rock,"Aurelia (elf rider), Copperwing (dragon)","A dormant volcanic vent near Olympus Mons erupts on Mars, threatening the explorer colony for the first time. Aurelia the elf rider and her copper dragon Copperwing race low over glowing night lava flows to deliver a desperate warning. The track delivers a high-octane orchestral folk-rock sound driven by pounding floor toms, urgent strings, and forceful female vocals. It maintains a relentless, high-stakes pace before finally cooling into a quiet, relieved acoustic outro once the colony is safe","Story: A dormant vent near Olympus Mons stirs to life, and Aurelia and Copperwing race ahead of a lava flow to warn a nearby colony and get everyone to safety. Real danger - their home itself is threatened for the first time. || Music: Intense, driving orchestral folk-rock with pounding drums and urgent strings, vocal desperate and forceful, brass stabs mimicking eruption bursts, tempo relentless until a relieved, quieter outro. || Image: Dramatic cartoon scene - Copperwing flying low and fast over glowing lava flows at night, wings tucked for speed; Aurelia pointing urgently ahead, chestnut hair lit orange by the firelight below; dynamic motion lines against a fire-lit sky."